{"to": 203333.33333333334, "china": 220400.0, "of": 238600.0, "biden": 116600.0, "the": 70600.0, "is": 68142.85714285714, "hilton": 53200.0, "trump": 229200.0}
