{"calls": 138225.0, "a": 182204.16666666666, "out": 228044.44444444444, "turley": 180960.0, "plan": 109800.0, "bidens": 171653.84615384616, "off": 147909.0909090909, "biden": 239590.36144578314, "after": 108375.0, "is": 172443.29896907217, "america": 172454.54545454544, "fox": 45955.555555555555, "democrats": 178909.0909090909, "desantis": 162307.6923076923, "watters": 393062.5, "at": 197857.14285714287, "with": 178666.66666666666, "not": 128176.4705882353, "all": 187375.0, "on": 128519.23076923077, "are": 186892.85714285713, "of": 168053.57142857142, "this": 217742.57425742573, "americans": 59625.0, "like": 221333.33333333334, "joe": 245000.0, "wants": 161500.0, "about": 224812.5, "you": 85888.88888888889, "to": 166953.48837209304, "the": 181257.8947368421, "gutfeld": 312047.61904761905, "and": 163533.33333333334, "probe": 177200.0, "in": 173739.13043478262, "hunter": 213321.42857142858, "irs": 275800.0, "speaks": 285000.0, "for": 210958.33333333334, "whistleblower": 233000.0, "an": 180461.53846153847, "what": 278700.0, "democrat": 130400.0, "new": 367444.44444444444, "ingraham": 180250.0, "top": 180500.0, "family": 308428.5714285714, "hannity": 244125.0, "as": 244571.42857142858, "five": 309200.0, "kamala": 398800.0, "harris": 246000.0, "compagno": 138800.0, "media": 136800.0, "how": 88125.0, "trump": 237000.0, "seen": 108200.0, "mike": 161857.14285714287, "rep": 111750.0, "could": 224090.9090909091, "over": 269769.23076923075, "get": 77800.0, "mcenany": 202923.07692307694, "kayleigh": 213818.18181818182, "deal": 164666.66666666666, "bombshell": 402400.0, "kilmeade": 219500.0, "brian": 219500.0, "these": 127400.0, "admin": 152000.0, "report": 340111.1111111111, "gop": 74857.14285714286, "had": 234200.0, "we": 180833.33333333334, "up": 292285.71428571426, "jeanine": 215833.33333333334, "judge": 215833.33333333334, "has": 186769.23076923078, "was": 211000.0, "he": 115800.0, "former": 59166.666666666664, "china": 196333.33333333334, "from": 335833.3333333333, "fbi": 154846.15384615384, "there": 169600.0, "house": 288894.7368421053, "white": 351428.5714285714, "do": 192166.66666666666, "world": 286560.0, "war": 157466.66666666666, "it": 118166.66666666667, "be": 225071.42857142858, "his": 108285.71428571429, "president": 251166.66666666666, "jesse": 411333.3333333333, "if": 318142.85714285716, "will": 163368.42105263157, "podcast": 37750.0, "have": 178363.63636363635, "cain": 75428.57142857143, "should": 302125.0, "its": 184571.42857142858, "warns": 85875.0, "us": 210777.77777777778, "back": 201666.66666666666, "mark": 309333.3333333333, "indictment": 168600.0, "ramaswamy": 112000.0, "left": 181714.2857142857, "scott": 54600.0, "james": 276714.28571428574, "comer": 276714.28571428574, "against": 128333.33333333333, "liberal": 554600.0, "american": 239800.0, "sounds": 153000.0, "sen": 163333.33333333334, "crisis": 158000.0, "no": 193714.2857142857, "by": 332200.0, "marine": 118166.66666666667, "death": 115428.57142857143, "gabbard": 238333.33333333334, "tulsi": 238333.33333333334, "into": 204750.0, "now": 168266.66666666666, "were": 120800.0, "being": 275600.0, "real": 68000.0, "mccarthy": 181200.0, "running": 155000.0, "campaign": 134500.0, "race": 109400.0, "debt": 90250.0, "crime": 171000.0, "torched": 248333.33333333334, "alleged": 140800.0, "why": 151363.63636363635, "woke": 302200.0, "democratic": 175000.0, "steve": 86857.14285714286, "slammed": 148800.0, "border": 128500.0, "hilton": 53200.0}
